accuracy,roc_auc,n_features,train_rows,test_rows
0.7653631284916201,0.758781127129751,6,712,179
